county,county_type,region_group,metro_area,priority,party_lean,historical_total_votes,elections_covered,runoff_retention_baseline,source_url,notes,last_updated
Anderson,rural,Central/North Texas,regional,3,R+62,3800349,48,,https://txelectionresults.com/counties,County directory row from TXElectionResults; county_type and region_group are project heuristics for runoff analysis.,2026-05-03
Andrews,rural,West Texas,regional,2,R+77,942178,47,,https://txelectionresults.com/counties,County directory row from TXElectionResults; county_type and region_group are project heuristics for runoff analysis.,2026-05-03
Angelina,rural,East Texas,regional,2,R+53,6058424,46,,https://txelectionresults.com/counties,County directory row from TXElectionResults; county_type and region_group are project heuristics for runoff analysis.,2026-05-03
Aransas,border,Border/South Texas,regional,2,R+57,2381404,49,,https://txelectionresults.com/counties,County directory row from TXElectionResults; county_type and region_group are project heuristics for runoff analysis.,2026-05-03
Archer,rural,Central/North Texas,regional,3,R+81,992471,51,,https://txelectionresults.com/counties,County directory row from TXElectionResults; county_type and region_group are project heuristics for runoff analysis.,2026-05-03
Armstrong,rural,Central/North Texas,regional,3,R+86,232205,47,,https://txelectionresults.com/counties,County directory row from TXElectionResults; county_type and region_group are project heuristics for runoff analysis.,2026-05-03
Atascosa,rural,Central/North Texas,regional,3,R+36,3030732,50,,https://txelectionresults.com/counties,County directory row from TXElectionResults; county_type and region_group are project heuristics for runoff analysis.,2026-05-03
Austin,rural,Central/North Texas,regional,3,R+65,3456962,51,,https://txelectionresults.com/counties,County directory row from TXElectionResults; county_type and region_group are project heuristics for runoff analysis.,2026-05-03
Bailey,rural,West Texas,regional,2,R+68,384773,47,,https://txelectionresults.com/counties,County directory row from TXElectionResults; county_type and region_group are project heuristics for runoff analysis.,2026-05-03
Bandera,rural,Central/North Texas,regional,3,R+63,2516509,47,,https://txelectionresults.com/counties,County directory row from TXElectionResults; county_type and region_group are project heuristics for runoff analysis.,2026-05-03
Bastrop,rural,Central/North Texas,regional,3,R+18,6780631,51,,https://txelectionresults.com/counties,County directory row from TXElectionResults; county_type and region_group are project heuristics for runoff analysis.,2026-05-03
Baylor,rural,Central/North Texas,regional,3,R+79,301300,47,,https://txelectionresults.com/counties,County directory row from TXElectionResults; county_type and region_group are project heuristics for runoff analysis.,2026-05-03
Bee,rural,Central/North Texas,regional,3,R+34,1848158,47,,https://txelectionresults.com/counties,County directory row from TXElectionResults; county_type and region_group are project heuristics for runoff analysis.,2026-05-03
Bell,rural,Central/North Texas,regional,3,R+19,20753893,51,,https://txelectionresults.com/counties,County directory row from TXElectionResults; county_type and region_group are project heuristics for runoff analysis.,2026-05-03
Bexar,urban,Major Metro,San Antonio,1,D+12,179053278,58,,https://txelectionresults.com/counties,County directory row from TXElectionResults; county_type and region_group are project heuristics for runoff analysis.,2026-05-03
Blanco,rural,Central/North Texas,regional,3,R+53,1441525,49,,https://txelectionresults.com/counties,County directory row from TXElectionResults; county_type and region_group are project heuristics for runoff analysis.,2026-05-03
Borden,rural,West Texas,regional,2,R+93,87868,46,,https://txelectionresults.com/counties,County directory row from TXElectionResults; county_type and region_group are project heuristics for runoff analysis.,2026-05-03
Bosque,rural,Central/North Texas,regional,3,R+68,1702360,47,,https://txelectionresults.com/counties,County directory row from TXElectionResults; county_type and region_group are project heuristics for runoff analysis.,2026-05-03
Bowie,rural,East Texas,regional,2,R+50,6710077,47,,https://txelectionresults.com/counties,County directory row from TXElectionResults; county_type and region_group are project heuristics for runoff analysis.,2026-05-03
Brazoria,suburban,Suburban,Houston,1,R+23,32144827,52,,https://txelectionresults.com/counties,County directory row from TXElectionResults; county_type and region_group are project heuristics for runoff analysis.,2026-05-03
Brazos,rural,Central/North Texas,regional,3,R+25,13133876,48,,https://txelectionresults.com/counties,County directory row from TXElectionResults; county_type and region_group are project heuristics for runoff analysis.,2026-05-03
Brewster,border,Border/South Texas,regional,2,R+9,922489,50,,https://txelectionresults.com/counties,County directory row from TXElectionResults; county_type and region_group are project heuristics for runoff analysis.,2026-05-03
Briscoe,rural,West Texas,regional,2,R+81,172643,47,,https://txelectionresults.com/counties,County directory row from TXElectionResults; county_type and region_group are project heuristics for runoff analysis.,2026-05-03
Brooks,border,Border/South Texas,regional,2,D+24,677975,47,,https://txelectionresults.com/counties,County directory row from TXElectionResults; county_type and region_group are project heuristics for runoff analysis.,2026-05-03
Brown,rural,Central/North Texas,regional,3,R+76,3117961,47,,https://txelectionresults.com/counties,County directory row from TXElectionResults; county_type and region_group are project heuristics for runoff analysis.,2026-05-03
Burleson,rural,Central/North Texas,regional,3,R+63,1512554,50,,https://txelectionresults.com/counties,County directory row from TXElectionResults; county_type and region_group are project heuristics for runoff analysis.,2026-05-03
Burnet,rural,Central/North Texas,regional,3,R+57,4674545,49,,https://txelectionresults.com/counties,County directory row from TXElectionResults; county_type and region_group are project heuristics for runoff analysis.,2026-05-03
Caldwell,rural,Central/North Texas,regional,3,R+13,2830662,50,,https://txelectionresults.com/counties,County directory row from TXElectionResults; county_type and region_group are project heuristics for runoff analysis.,2026-05-03
Calhoun,border,Border/South Texas,regional,2,R+50,1574046,49,,https://txelectionresults.com/counties,County directory row from TXElectionResults; county_type and region_group are project heuristics for runoff analysis.,2026-05-03
Callahan,rural,Central/North Texas,regional,3,R+82,1169116,47,,https://txelectionresults.com/counties,County directory row from TXElectionResults; county_type and region_group are project heuristics for runoff analysis.,2026-05-03
Cameron,border,Border/South Texas,regional,2,D+7,19812021,48,,https://txelectionresults.com/counties,County directory row from TXElectionResults; county_type and region_group are project heuristics for runoff analysis.,2026-05-03
Camp,rural,East Texas,regional,2,R+53,914771,46,,https://txelectionresults.com/counties,County directory row from TXElectionResults; county_type and region_group are project heuristics for runoff analysis.,2026-05-03
Carson,rural,West Texas,regional,2,R+82,637198,47,,https://txelectionresults.com/counties,County directory row from TXElectionResults; county_type and region_group are project heuristics for runoff analysis.,2026-05-03
Cass,rural,East Texas,regional,2,R+66,2365735,47,,https://txelectionresults.com/counties,County directory row from TXElectionResults; county_type and region_group are project heuristics for runoff analysis.,2026-05-03
Castro,rural,West Texas,regional,2,R+65,408682,47,,https://txelectionresults.com/counties,County directory row from TXElectionResults; county_type and region_group are project heuristics for runoff analysis.,2026-05-03
Chambers,suburban,Suburban,Houston,1,R+67,4609714,49,,https://txelectionresults.com/counties,County directory row from TXElectionResults; county_type and region_group are project heuristics for runoff analysis.,2026-05-03
Cherokee,rural,East Texas,regional,2,R+63,3626340,47,,https://txelectionresults.com/counties,County directory row from TXElectionResults; county_type and region_group are project heuristics for runoff analysis.,2026-05-03
Childress,rural,Central/North Texas,regional,3,R+77,421372,49,,https://txelectionresults.com/counties,County directory row from TXElectionResults; county_type and region_group are project heuristics for runoff analysis.,2026-05-03
Clay,rural,Central/North Texas,regional,3,R+80,1167118,51,,https://txelectionresults.com/counties,County directory row from TXElectionResults; county_type and region_group are project heuristics for runoff analysis.,2026-05-03
Cochran,rural,West Texas,regional,2,R+71,214115,47,,https://txelectionresults.com/counties,County directory row from TXElectionResults; county_type and region_group are project heuristics for runoff analysis.,2026-05-03
Coke,rural,Central/North Texas,regional,3,R+80,338446,48,,https://txelectionresults.com/counties,County directory row from TXElectionResults; county_type and region_group are project heuristics for runoff analysis.,2026-05-03
Coleman,rural,Central/North Texas,regional,3,R+80,798815,47,,https://txelectionresults.com/counties,County directory row from TXElectionResults; county_type and region_group are project heuristics for runoff analysis.,2026-05-03
Collin,suburban,Suburban,Dallas-Fort Worth,1,R+13,92956464,52,,https://txelectionresults.com/counties,County directory row from TXElectionResults; county_type and region_group are project heuristics for runoff analysis.,2026-05-03
Collingsworth,rural,Central/North Texas,regional,3,R+79,233762,49,,https://txelectionresults.com/counties,County directory row from TXElectionResults; county_type and region_group are project heuristics for runoff analysis.,2026-05-03
Colorado,rural,Central/North Texas,regional,3,R+59,2406981,51,,https://txelectionresults.com/counties,County directory row from TXElectionResults; county_type and region_group are project heuristics for runoff analysis.,2026-05-03
Comal,suburban,Suburban,San Antonio,1,R+48,15408110,50,,https://txelectionresults.com/counties,County directory row from TXElectionResults; county_type and region_group are project heuristics for runoff analysis.,2026-05-03
Comanche,rural,Central/North Texas,regional,3,R+77,1127856,47,,https://txelectionresults.com/counties,County directory row from TXElectionResults; county_type and region_group are project heuristics for runoff analysis.,2026-05-03
Concho,rural,Central/North Texas,regional,3,R+73,266104,48,,https://txelectionresults.com/counties,County directory row from TXElectionResults; county_type and region_group are project heuristics for runoff analysis.,2026-05-03
Cooke,rural,Central/North Texas,regional,3,R+70,3709234,54,,https://txelectionresults.com/counties,County directory row from TXElectionResults; county_type and region_group are project heuristics for runoff analysis.,2026-05-03
Coryell,rural,Central/North Texas,regional,3,R+42,3687200,48,,https://txelectionresults.com/counties,County directory row from TXElectionResults; county_type and region_group are project heuristics for runoff analysis.,2026-05-03
Cottle,rural,Central/North Texas,regional,3,R+73,138042,49,,https://txelectionresults.com/counties,County directory row from TXElectionResults; county_type and region_group are project heuristics for runoff analysis.,2026-05-03
Crane,rural,West Texas,regional,2,R+70,299336,48,,https://txelectionresults.com/counties,County directory row from TXElectionResults; county_type and region_group are project heuristics for runoff analysis.,2026-05-03
Crockett,rural,Central/North Texas,regional,3,R+54,297057,50,,https://txelectionresults.com/counties,County directory row from TXElectionResults; county_type and region_group are project heuristics for runoff analysis.,2026-05-03
Crosby,rural,West Texas,regional,2,R+59,362638,49,,https://txelectionresults.com/counties,County directory row from TXElectionResults; county_type and region_group are project heuristics for runoff analysis.,2026-05-03
Culberson,border,Border/South Texas,regional,2,R+7,183183,49,,https://txelectionresults.com/counties,County directory row from TXElectionResults; county_type and region_group are project heuristics for runoff analysis.,2026-05-03
Dallam,rural,West Texas,regional,2,R+79,298782,47,,https://txelectionresults.com/counties,County directory row from TXElectionResults; county_type and region_group are project heuristics for runoff analysis.,2026-05-03
Dallas,urban,Major Metro,Dallas-Fort Worth,1,D+26,259501902,52,,https://txelectionresults.com/counties,County directory row from TXElectionResults; county_type and region_group are project heuristics for runoff analysis.,2026-05-03
Dawson,rural,West Texas,regional,2,R+67,760758,46,,https://txelectionresults.com/counties,County directory row from TXElectionResults; county_type and region_group are project heuristics for runoff analysis.,2026-05-03
Deaf Smith,rural,West Texas,regional,2,R+52,881601,47,,https://txelectionresults.com/counties,County directory row from TXElectionResults; county_type and region_group are project heuristics for runoff analysis.,2026-05-03
Delta,rural,Central/North Texas,regional,3,R+70,512219,49,,https://txelectionresults.com/counties,County directory row from TXElectionResults; county_type and region_group are project heuristics for runoff analysis.,2026-05-03
Denton,suburban,Suburban,Dallas-Fort Worth,1,R+17,67279763,52,,https://txelectionresults.com/counties,County directory row from TXElectionResults; county_type and region_group are project heuristics for runoff analysis.,2026-05-03
Dewitt,rural,Central/North Texas,regional,3,R+68,1531222,48,,https://txelectionresults.com/counties,County directory row from TXElectionResults; county_type and region_group are project heuristics for runoff analysis.,2026-05-03
Dickens,rural,Central/North Texas,regional,3,R+73,201233,49,,https://txelectionresults.com/counties,County directory row from TXElectionResults; county_type and region_group are project heuristics for runoff analysis.,2026-05-03
Dimmit,border,Border/South Texas,regional,2,D+19,838330,51,,https://txelectionresults.com/counties,County directory row from TXElectionResults; county_type and region_group are project heuristics for runoff analysis.,2026-05-03
Donley,rural,Central/North Texas,regional,3,R+79,337188,47,,https://txelectionresults.com/counties,County directory row from TXElectionResults; county_type and region_group are project heuristics for runoff analysis.,2026-05-03
Duval,rural,Central/North Texas,regional,3,D+17,1082468,48,,https://txelectionresults.com/counties,County directory row from TXElectionResults; county_type and region_group are project heuristics for runoff analysis.,2026-05-03
Eastland,rural,Central/North Texas,regional,3,R+81,1457425,47,,https://txelectionresults.com/counties,County directory row from TXElectionResults; county_type and region_group are project heuristics for runoff analysis.,2026-05-03
Ector,rural,West Texas,regional,2,R+52,7182242,47,,https://txelectionresults.com/counties,County directory row from TXElectionResults; county_type and region_group are project heuristics for runoff analysis.,2026-05-03
Edwards,rural,Central/North Texas,regional,3,R+72,227067,50,,https://txelectionresults.com/counties,County directory row from TXElectionResults; county_type and region_group are project heuristics for runoff analysis.,2026-05-03
El Paso,urban,Major Metro,El Paso,1,D+25,52007640,50,,https://txelectionresults.com/counties,County directory row from TXElectionResults; county_type and region_group are project heuristics for runoff analysis.,2026-05-03
Ellis,suburban,Suburban,Dallas-Fort Worth,1,R+35,13134442,52,,https://txelectionresults.com/counties,County directory row from TXElectionResults; county_type and region_group are project heuristics for runoff analysis.,2026-05-03
Erath,rural,Central/North Texas,regional,3,R+72,2940400,49,,https://txelectionresults.com/counties,County directory row from TXElectionResults; county_type and region_group are project heuristics for runoff analysis.,2026-05-03
Falls,rural,Central/North Texas,regional,3,R+45,1077995,48,,https://txelectionresults.com/counties,County directory row from TXElectionResults; county_type and region_group are project heuristics for runoff analysis.,2026-05-03
Fannin,rural,Central/North Texas,regional,3,R+68,2551628,49,,https://txelectionresults.com/counties,County directory row from TXElectionResults; county_type and region_group are project heuristics for runoff analysis.,2026-05-03
Fayette,rural,Central/North Texas,regional,3,R+63,2645362,50,,https://txelectionresults.com/counties,County directory row from TXElectionResults; county_type and region_group are project heuristics for runoff analysis.,2026-05-03
Fisher,rural,Central/North Texas,regional,3,R+68,344457,48,,https://txelectionresults.com/counties,County directory row from TXElectionResults; county_type and region_group are project heuristics for runoff analysis.,2026-05-03
Floyd,rural,West Texas,regional,2,R+70,469040,49,,https://txelectionresults.com/counties,County directory row from TXElectionResults; county_type and region_group are project heuristics for runoff analysis.,2026-05-03
Foard,rural,Central/North Texas,regional,3,R+65,102619,47,,https://txelectionresults.com/counties,County directory row from TXElectionResults; county_type and region_group are project heuristics for runoff analysis.,2026-05-03
Fort Bend,suburban,Suburban,Houston,1,D+1,72343289,53,,https://txelectionresults.com/counties,County directory row from TXElectionResults; county_type and region_group are project heuristics for runoff analysis.,2026-05-03
Franklin,rural,East Texas,regional,2,R+71,970668,46,,https://txelectionresults.com/counties,County directory row from TXElectionResults; county_type and region_group are project heuristics for runoff analysis.,2026-05-03
Freestone,rural,Central/North Texas,regional,3,R+67,1569703,49,,https://txelectionresults.com/counties,County directory row from TXElectionResults; county_type and region_group are project heuristics for runoff analysis.,2026-05-03
Frio,rural,Central/North Texas,regional,3,R+11,966815,51,,https://txelectionresults.com/counties,County directory row from TXElectionResults; county_type and region_group are project heuristics for runoff analysis.,2026-05-03
Gaines,rural,West Texas,regional,2,R+85,972455,46,,https://txelectionresults.com/counties,County directory row from TXElectionResults; county_type and region_group are project heuristics for runoff analysis.,2026-05-03
Galveston,suburban,Suburban,Houston,1,R+28,33042865,50,,https://txelectionresults.com/counties,County directory row from TXElectionResults; county_type and region_group are project heuristics for runoff analysis.,2026-05-03
Garza,rural,West Texas,regional,2,R+78,350242,49,,https://txelectionresults.com/counties,County directory row from TXElectionResults; county_type and region_group are project heuristics for runoff analysis.,2026-05-03
Gillespie,rural,Central/North Texas,regional,3,R+63,3401905,49,,https://txelectionresults.com/counties,County directory row from TXElectionResults; county_type and region_group are project heuristics for runoff analysis.,2026-05-03
Glasscock,rural,West Texas,regional,2,R+89,135920,46,,https://txelectionresults.com/counties,County directory row from TXElectionResults; county_type and region_group are project heuristics for runoff analysis.,2026-05-03
Goliad,rural,Central/North Texas,regional,3,R+58,846007,48,,https://txelectionresults.com/counties,County directory row from TXElectionResults; county_type and region_group are project heuristics for runoff analysis.,2026-05-03
Gonzales,rural,Central/North Texas,regional,3,R+56,1455709,50,,https://txelectionresults.com/counties,County directory row from TXElectionResults; county_type and region_group are project heuristics for runoff analysis.,2026-05-03
Gray,rural,West Texas,regional,2,R+80,1650264,47,,https://txelectionresults.com/counties,County directory row from TXElectionResults; county_type and region_group are project heuristics for runoff analysis.,2026-05-03
Grayson,rural,Central/North Texas,regional,3,R+56,12206522,52,,https://txelectionresults.com/counties,County directory row from TXElectionResults; county_type and region_group are project heuristics for runoff analysis.,2026-05-03
Gregg,rural,East Texas,regional,2,R+43,8486040,46,,https://txelectionresults.com/counties,County directory row from TXElectionResults; county_type and region_group are project heuristics for runoff analysis.,2026-05-03
Grimes,rural,Central/North Texas,regional,3,R+60,2749687,51,,https://txelectionresults.com/counties,County directory row from TXElectionResults; county_type and region_group are project heuristics for runoff analysis.,2026-05-03
Guadalupe,suburban,Suburban,San Antonio,1,R+31,12887584,48,,https://txelectionresults.com/counties,County directory row from TXElectionResults; county_type and region_group are project heuristics for runoff analysis.,2026-05-03
Hale,rural,West Texas,regional,2,R+64,1834845,47,,https://txelectionresults.com/counties,County directory row from TXElectionResults; county_type and region_group are project heuristics for runoff analysis.,2026-05-03
Hall,rural,Central/North Texas,regional,3,R+74,217251,49,,https://txelectionresults.com/counties,County directory row from TXElectionResults; county_type and region_group are project heuristics for runoff analysis.,2026-05-03
Hamilton,rural,Central/North Texas,regional,3,R+73,812380,48,,https://txelectionresults.com/counties,County directory row from TXElectionResults; county_type and region_group are project heuristics for runoff analysis.,2026-05-03
Hansford,rural,West Texas,regional,2,R+86,444678,47,,https://txelectionresults.com/counties,County directory row from TXElectionResults; county_type and region_group are project heuristics for runoff analysis.,2026-05-03
Hardeman,rural,Central/North Texas,regional,3,R+73,286715,49,,https://txelectionresults.com/counties,County directory row from TXElectionResults; county_type and region_group are project heuristics for runoff analysis.,2026-05-03
Hardin,rural,Central/North Texas,regional,3,R+77,4657474,47,,https://txelectionresults.com/counties,County directory row from TXElectionResults; county_type and region_group are project heuristics for runoff analysis.,2026-05-03
Harris,urban,Major Metro,Houston,1,D+7,682553966,61,,https://txelectionresults.com/counties,County directory row from TXElectionResults; county_type and region_group are project heuristics for runoff analysis.,2026-05-03
Harrison,rural,East Texas,regional,2,R+51,4926985,46,,https://txelectionresults.com/counties,County directory row from TXElectionResults; county_type and region_group are project heuristics for runoff analysis.,2026-05-03
Hartley,rural,West Texas,regional,2,R+85,420435,47,,https://txelectionresults.com/counties,County directory row from TXElectionResults; county_type and region_group are project heuristics for runoff analysis.,2026-05-03
Haskell,rural,Central/North Texas,regional,3,R+75,387412,48,,https://txelectionresults.com/counties,County directory row from TXElectionResults; county_type and region_group are project heuristics for runoff analysis.,2026-05-03
Hays,suburban,Suburban,Austin,1,D+7,17582419,50,,https://txelectionresults.com/counties,County directory row from TXElectionResults; county_type and region_group are project heuristics for runoff analysis.,2026-05-03
Hemphill,rural,West Texas,regional,2,R+77,364725,47,,https://txelectionresults.com/counties,County directory row from TXElectionResults; county_type and region_group are project heuristics for runoff analysis.,2026-05-03
Henderson,rural,East Texas,regional,2,R+65,6676893,50,,https://txelectionresults.com/counties,County directory row from TXElectionResults; county_type and region_group are project heuristics for runoff analysis.,2026-05-03
Hidalgo,border,Border/South Texas,regional,2,D+13,39674409,49,,https://txelectionresults.com/counties,County directory row from TXElectionResults; county_type and region_group are project heuristics for runoff analysis.,2026-05-03
Hill,rural,Central/North Texas,regional,3,R+65,2851626,47,,https://txelectionresults.com/counties,County directory row from TXElectionResults; county_type and region_group are project heuristics for runoff analysis.,2026-05-03
Hockley,rural,West Texas,regional,2,R+73,1514858,47,,https://txelectionresults.com/counties,County directory row from TXElectionResults; county_type and region_group are project heuristics for runoff analysis.,2026-05-03
Hood,rural,Central/North Texas,regional,3,R+72,6108488,47,,https://txelectionresults.com/counties,County directory row from TXElectionResults; county_type and region_group are project heuristics for runoff analysis.,2026-05-03
Hopkins,rural,Central/North Texas,regional,3,R+65,2771490,50,,https://txelectionresults.com/counties,County directory row from TXElectionResults; county_type and region_group are project heuristics for runoff analysis.,2026-05-03
Houston,rural,East Texas,regional,2,R+56,1821590,46,,https://txelectionresults.com/counties,County directory row from TXElectionResults; county_type and region_group are project heuristics for runoff analysis.,2026-05-03
Howard,rural,West Texas,regional,2,R+68,1752468,46,,https://txelectionresults.com/counties,County directory row from TXElectionResults; county_type and region_group are project heuristics for runoff analysis.,2026-05-03
Hudspeth,border,Border/South Texas,regional,2,R+39,205026,49,,https://txelectionresults.com/counties,County directory row from TXElectionResults; county_type and region_group are project heuristics for runoff analysis.,2026-05-03
Hunt,rural,Central/North Texas,regional,3,R+57,8246123,51,,https://txelectionresults.com/counties,County directory row from TXElectionResults; county_type and region_group are project heuristics for runoff analysis.,2026-05-03
Hutchinson,rural,Central/North Texas,regional,3,R+79,1795412,47,,https://txelectionresults.com/counties,County directory row from TXElectionResults; county_type and region_group are project heuristics for runoff analysis.,2026-05-03
Irion,rural,Central/North Texas,regional,3,R+76,193057,48,,https://txelectionresults.com/counties,County directory row from TXElectionResults; county_type and region_group are project heuristics for runoff analysis.,2026-05-03
Jack,rural,Central/North Texas,regional,3,R+85,748084,53,,https://txelectionresults.com/counties,County directory row from TXElectionResults; county_type and region_group are project heuristics for runoff analysis.,2026-05-03
Jackson,rural,Central/North Texas,regional,3,R+71,1220350,50,,https://txelectionresults.com/counties,County directory row from TXElectionResults; county_type and region_group are project heuristics for runoff analysis.,2026-05-03
Jasper,rural,East Texas,regional,2,R+68,2786147,48,,https://txelectionresults.com/counties,County directory row from TXElectionResults; county_type and region_group are project heuristics for runoff analysis.,2026-05-03
Jeff Davis,border,Border/South Texas,regional,2,R+23,280507,48,,https://txelectionresults.com/counties,County directory row from TXElectionResults; county_type and region_group are project heuristics for runoff analysis.,2026-05-03
Jefferson,rural,East Texas,regional,2,R+8,17100461,48,,https://txelectionresults.com/counties,County directory row from TXElectionResults; county_type and region_group are project heuristics for runoff analysis.,2026-05-03
Jim Hogg,border,Border/South Texas,regional,2,D+31,506912,48,,https://txelectionresults.com/counties,County directory row from TXElectionResults; county_type and region_group are project heuristics for runoff analysis.,2026-05-03
Jim Wells,border,Border/South Texas,regional,2,R+7,2720819,47,,https://txelectionresults.com/counties,County directory row from TXElectionResults; county_type and region_group are project heuristics for runoff analysis.,2026-05-03
Johnson,suburban,Suburban,Dallas-Fort Worth,1,R+58,11650971,47,,https://txelectionresults.com/counties,County directory row from TXElectionResults; county_type and region_group are project heuristics for runoff analysis.,2026-05-03
Jones,rural,Central/North Texas,regional,3,R+77,1170167,46,,https://txelectionresults.com/counties,County directory row from TXElectionResults; county_type and region_group are project heuristics for runoff analysis.,2026-05-03
Karnes,rural,Central/North Texas,regional,3,R+55,1060473,47,,https://txelectionresults.com/counties,County directory row from TXElectionResults; county_type and region_group are project heuristics for runoff analysis.,2026-05-03
Kaufman,suburban,Suburban,Dallas-Fort Worth,1,R+33,10380987,48,,https://txelectionresults.com/counties,County directory row from TXElectionResults; county_type and region_group are project heuristics for runoff analysis.,2026-05-03
Kendall,suburban,Suburban,San Antonio,1,R+59,4867921,49,,https://txelectionresults.com/counties,County directory row from TXElectionResults; county_type and region_group are project heuristics for runoff analysis.,2026-05-03
Kenedy,rural,Central/North Texas,regional,3,R+34,46541,47,,https://txelectionresults.com/counties,County directory row from TXElectionResults; county_type and region_group are project heuristics for runoff analysis.,2026-05-03
Kent,rural,Central/North Texas,regional,3,R+81,87905,49,,https://txelectionresults.com/counties,County directory row from TXElectionResults; county_type and region_group are project heuristics for runoff analysis.,2026-05-03
Kerr,rural,Central/North Texas,regional,3,R+57,5953047,49,,https://txelectionresults.com/counties,County directory row from TXElectionResults; county_type and region_group are project heuristics for runoff analysis.,2026-05-03
Kimble,rural,Central/North Texas,regional,3,R+78,499886,46,,https://txelectionresults.com/counties,County directory row from TXElectionResults; county_type and region_group are project heuristics for runoff analysis.,2026-05-03
King,rural,Central/North Texas,regional,3,R+93,31369,49,,https://txelectionresults.com/counties,County directory row from TXElectionResults; county_type and region_group are project heuristics for runoff analysis.,2026-05-03
Kinney,border,Border/South Texas,regional,2,R+50,362960,50,,https://txelectionresults.com/counties,County directory row from TXElectionResults; county_type and region_group are project heuristics for runoff analysis.,2026-05-03
Kleberg,border,Border/South Texas,regional,2,R+7,2015417,47,,https://txelectionresults.com/counties,County directory row from TXElectionResults; county_type and region_group are project heuristics for runoff analysis.,2026-05-03
Knox,rural,Central/North Texas,regional,3,R+67,260589,47,,https://txelectionresults.com/counties,County directory row from TXElectionResults; county_type and region_group are project heuristics for runoff analysis.,2026-05-03
Lamar,rural,East Texas,regional,2,R+62,3781976,47,,https://txelectionresults.com/counties,County directory row from TXElectionResults; county_type and region_group are project heuristics for runoff analysis.,2026-05-03
Lamb,rural,West Texas,regional,2,R+72,809648,47,,https://txelectionresults.com/counties,County directory row from TXElectionResults; county_type and region_group are project heuristics for runoff analysis.,2026-05-03
Lampasas,rural,Central/North Texas,regional,3,R+61,1882609,49,,https://txelectionresults.com/counties,County directory row from TXElectionResults; county_type and region_group are project heuristics for runoff analysis.,2026-05-03
Lasalle,rural,Central/North Texas,regional,3,R+10,450134,48,,https://txelectionresults.com/counties,County directory row from TXElectionResults; county_type and region_group are project heuristics for runoff analysis.,2026-05-03
Lavaca,rural,Central/North Texas,regional,3,R+77,1917947,50,,https://txelectionresults.com/counties,County directory row from TXElectionResults; county_type and region_group are project heuristics for runoff analysis.,2026-05-03
Lee,rural,Central/North Texas,regional,3,R+61,1477605,50,,https://txelectionresults.com/counties,County directory row from TXElectionResults; county_type and region_group are project heuristics for runoff analysis.,2026-05-03
Leon,rural,Central/North Texas,regional,3,R+78,1660693,48,,https://txelectionresults.com/counties,County directory row from TXElectionResults; county_type and region_group are project heuristics for runoff analysis.,2026-05-03
Liberty,suburban,Suburban,Houston,1,R+62,4952699,47,,https://txelectionresults.com/counties,County directory row from TXElectionResults; county_type and region_group are project heuristics for runoff analysis.,2026-05-03
Limestone,rural,Central/North Texas,regional,3,R+57,1676503,48,,https://txelectionresults.com/counties,County directory row from TXElectionResults; county_type and region_group are project heuristics for runoff analysis.,2026-05-03
Lipscomb,rural,West Texas,regional,2,R+81,306554,47,,https://txelectionresults.com/counties,County directory row from TXElectionResults; county_type and region_group are project heuristics for runoff analysis.,2026-05-03
Live Oak,rural,Central/North Texas,regional,3,R+70,973609,47,,https://txelectionresults.com/counties,County directory row from TXElectionResults; county_type and region_group are project heuristics for runoff analysis.,2026-05-03
Llano,rural,Central/North Texas,regional,3,R+63,2705464,50,,https://txelectionresults.com/counties,County directory row from TXElectionResults; county_type and region_group are project heuristics for runoff analysis.,2026-05-03
Loving,rural,West Texas,regional,2,R+77,16065,48,,https://txelectionresults.com/counties,County directory row from TXElectionResults; county_type and region_group are project heuristics for runoff analysis.,2026-05-03
Lubbock,rural,West Texas,regional,2,R+49,21825967,47,,https://txelectionresults.com/counties,County directory row from TXElectionResults; county_type and region_group are project heuristics for runoff analysis.,2026-05-03
Lynn,rural,West Texas,regional,2,R+75,437404,47,,https://txelectionresults.com/counties,County directory row from TXElectionResults; county_type and region_group are project heuristics for runoff analysis.,2026-05-03
Madison,rural,Central/North Texas,regional,3,R+65,986105,47,,https://txelectionresults.com/counties,County directory row from TXElectionResults; county_type and region_group are project heuristics for runoff analysis.,2026-05-03
Marion,rural,East Texas,regional,2,R+52,778398,46,,https://txelectionresults.com/counties,County directory row from TXElectionResults; county_type and region_group are project heuristics for runoff analysis.,2026-05-03
Martin,rural,West Texas,regional,2,R+79,371425,46,,https://txelectionresults.com/counties,County directory row from TXElectionResults; county_type and region_group are project heuristics for runoff analysis.,2026-05-03
Mason,rural,Central/North Texas,regional,3,R+66,511460,48,,https://txelectionresults.com/counties,County directory row from TXElectionResults; county_type and region_group are project heuristics for runoff analysis.,2026-05-03
Matagorda,rural,Central/North Texas,regional,3,R+50,2676367,51,,https://txelectionresults.com/counties,County directory row from TXElectionResults; county_type and region_group are project heuristics for runoff analysis.,2026-05-03
Maverick,border,Border/South Texas,regional,2,D+4,2818218,50,,https://txelectionresults.com/counties,County directory row from TXElectionResults; county_type and region_group are project heuristics for runoff analysis.,2026-05-03
Mcculloch,rural,Central/North Texas,regional,3,R+74,718950,49,,https://txelectionresults.com/counties,County directory row from TXElectionResults; county_type and region_group are project heuristics for runoff analysis.,2026-05-03
Mclennan,rural,Central/North Texas,regional,3,R+32,17688398,48,,https://txelectionresults.com/counties,County directory row from TXElectionResults; county_type and region_group are project heuristics for runoff analysis.,2026-05-03
Mcmullen,rural,Central/North Texas,regional,3,R+76,107544,47,,https://txelectionresults.com/counties,County directory row from TXElectionResults; county_type and region_group are project heuristics for runoff analysis.,2026-05-03
Medina,suburban,Suburban,San Antonio,1,R+45,4097481,51,,https://txelectionresults.com/counties,County directory row from TXElectionResults; county_type and region_group are project heuristics for runoff analysis.,2026-05-03
Menard,rural,Central/North Texas,regional,3,R+67,231884,46,,https://txelectionresults.com/counties,County directory row from TXElectionResults; county_type and region_group are project heuristics for runoff analysis.,2026-05-03
Midland,rural,West Texas,regional,2,R+62,9965539,47,,https://txelectionresults.com/counties,County directory row from TXElectionResults; county_type and region_group are project heuristics for runoff analysis.,2026-05-03
Milam,rural,Central/North Texas,regional,3,R+58,1963662,50,,https://txelectionresults.com/counties,County directory row from TXElectionResults; county_type and region_group are project heuristics for runoff analysis.,2026-05-03
Mills,rural,Central/North Texas,regional,3,R+78,537325,49,,https://txelectionresults.com/counties,County directory row from TXElectionResults; county_type and region_group are project heuristics for runoff analysis.,2026-05-03
Mitchell,rural,Central/North Texas,regional,3,R+77,470779,46,,https://txelectionresults.com/counties,County directory row from TXElectionResults; county_type and region_group are project heuristics for runoff analysis.,2026-05-03
Montague,rural,Central/North Texas,regional,3,R+79,1975715,53,,https://txelectionresults.com/counties,County directory row from TXElectionResults; county_type and region_group are project heuristics for runoff analysis.,2026-05-03
Montgomery,suburban,Suburban,Houston,1,R+49,47283948,48,,https://txelectionresults.com/counties,County directory row from TXElectionResults; county_type and region_group are project heuristics for runoff analysis.,2026-05-03
Moore,rural,West Texas,regional,2,R+67,1082682,47,,https://txelectionresults.com/counties,County directory row from TXElectionResults; county_type and region_group are project heuristics for runoff analysis.,2026-05-03
Morris,rural,East Texas,regional,2,R+49,928849,47,,https://txelectionresults.com/counties,County directory row from TXElectionResults; county_type and region_group are project heuristics for runoff analysis.,2026-05-03
Motley,rural,Central/North Texas,regional,3,R+89,138437,49,,https://txelectionresults.com/counties,County directory row from TXElectionResults; county_type and region_group are project heuristics for runoff analysis.,2026-05-03
Nacogdoches,rural,East Texas,regional,2,R+39,4570743,46,,https://txelectionresults.com/counties,County directory row from TXElectionResults; county_type and region_group are project heuristics for runoff analysis.,2026-05-03
Navarro,rural,Central/North Texas,regional,3,R+52,3484274,49,,https://txelectionresults.com/counties,County directory row from TXElectionResults; county_type and region_group are project heuristics for runoff analysis.,2026-05-03
Newton,rural,East Texas,regional,2,R+66,1096923,47,,https://txelectionresults.com/counties,County directory row from TXElectionResults; county_type and region_group are project heuristics for runoff analysis.,2026-05-03
Nolan,rural,Central/North Texas,regional,3,R+66,998116,46,,https://txelectionresults.com/counties,County directory row from TXElectionResults; county_type and region_group are project heuristics for runoff analysis.,2026-05-03
Nueces,border,Border/South Texas,regional,2,R+9,24591283,49,,https://txelectionresults.com/counties,County directory row from TXElectionResults; county_type and region_group are project heuristics for runoff analysis.,2026-05-03
Ochiltree,rural,West Texas,regional,2,R+83,657034,47,,https://txelectionresults.com/counties,County directory row from TXElectionResults; county_type and region_group are project heuristics for runoff analysis.,2026-05-03
Oldham,rural,West Texas,regional,2,R+84,195418,47,,https://txelectionresults.com/counties,County directory row from TXElectionResults; county_type and region_group are project heuristics for runoff analysis.,2026-05-03
Orange,rural,East Texas,regional,2,R+67,6305421,48,,https://txelectionresults.com/counties,County directory row from TXElectionResults; county_type and region_group are project heuristics for runoff analysis.,2026-05-03
Palo Pinto,rural,Central/North Texas,regional,3,R+71,2224188,49,,https://txelectionresults.com/counties,County directory row from TXElectionResults; county_type and region_group are project heuristics for runoff analysis.,2026-05-03
Panola,rural,East Texas,regional,2,R+67,2033404,46,,https://txelectionresults.com/counties,County directory row from TXElectionResults; county_type and region_group are project heuristics for runoff analysis.,2026-05-03
Parker,suburban,Suburban,Dallas-Fort Worth,1,R+69,13673976,51,,https://txelectionresults.com/counties,County directory row from TXElectionResults; county_type and region_group are project heuristics for runoff analysis.,2026-05-03
Parmer,rural,West Texas,regional,2,R+75,535998,47,,https://txelectionresults.com/counties,County directory row from TXElectionResults; county_type and region_group are project heuristics for runoff analysis.,2026-05-03
Pecos,border,Border/South Texas,regional,2,R+41,947322,50,,https://txelectionresults.com/counties,County directory row from TXElectionResults; county_type and region_group are project heuristics for runoff analysis.,2026-05-03
Polk,rural,East Texas,regional,2,R+60,3970744,48,,https://txelectionresults.com/counties,County directory row from TXElectionResults; county_type and region_group are project heuristics for runoff analysis.,2026-05-03
Potter,rural,West Texas,regional,2,R+46,5965239,49,,https://txelectionresults.com/counties,County directory row from TXElectionResults; county_type and region_group are project heuristics for runoff analysis.,2026-05-03
Presidio,border,Border/South Texas,regional,2,D+34,437935,48,,https://txelectionresults.com/counties,County directory row from TXElectionResults; county_type and region_group are project heuristics for runoff analysis.,2026-05-03
Rains,rural,Central/North Texas,regional,3,R+74,1002827,46,,https://txelectionresults.com/counties,County directory row from TXElectionResults; county_type and region_group are project heuristics for runoff analysis.,2026-05-03
Randall,rural,West Texas,regional,2,R+63,11349410,47,,https://txelectionresults.com/counties,County directory row from TXElectionResults; county_type and region_group are project heuristics for runoff analysis.,2026-05-03
Reagan,rural,West Texas,regional,2,R+70,204341,48,,https://txelectionresults.com/counties,County directory row from TXElectionResults; county_type and region_group are project heuristics for runoff analysis.,2026-05-03
Real,rural,Central/North Texas,regional,3,R+70,426247,50,,https://txelectionresults.com/counties,County directory row from TXElectionResults; county_type and region_group are project heuristics for runoff analysis.,2026-05-03
Red River,rural,East Texas,regional,2,R+62,993713,47,,https://txelectionresults.com/counties,County directory row from TXElectionResults; county_type and region_group are project heuristics for runoff analysis.,2026-05-03
Reeves,border,Border/South Texas,regional,2,R+25,648271,50,,https://txelectionresults.com/counties,County directory row from TXElectionResults; county_type and region_group are project heuristics for runoff analysis.,2026-05-03
Refugio,border,Border/South Texas,regional,2,R+39,665434,48,,https://txelectionresults.com/counties,County directory row from TXElectionResults; county_type and region_group are project heuristics for runoff analysis.,2026-05-03
Roberts,rural,West Texas,regional,2,R+93,131050,47,,https://txelectionresults.com/counties,County directory row from TXElectionResults; county_type and region_group are project heuristics for runoff analysis.,2026-05-03
Robertson,rural,Central/North Texas,regional,3,R+51,1471746,48,,https://txelectionresults.com/counties,County directory row from TXElectionResults; county_type and region_group are project heuristics for runoff analysis.,2026-05-03
Rockwall,suburban,Suburban,Dallas-Fort Worth,1,R+44,10207409,48,,https://txelectionresults.com/counties,County directory row from TXElectionResults; county_type and region_group are project heuristics for runoff analysis.,2026-05-03
Runnels,rural,Central/North Texas,regional,3,R+78,849060,48,,https://txelectionresults.com/counties,County directory row from TXElectionResults; county_type and region_group are project heuristics for runoff analysis.,2026-05-03
Rusk,rural,East Texas,regional,2,R+60,3865696,46,,https://txelectionresults.com/counties,County directory row from TXElectionResults; county_type and region_group are project heuristics for runoff analysis.,2026-05-03
Sabine,rural,East Texas,regional,2,R+79,1047177,46,,https://txelectionresults.com/counties,County directory row from TXElectionResults; county_type and region_group are project heuristics for runoff analysis.,2026-05-03
San Augustine,rural,East Texas,regional,2,R+56,758892,46,,https://txelectionresults.com/counties,County directory row from TXElectionResults; county_type and region_group are project heuristics for runoff analysis.,2026-05-03
San Jacinto,rural,East Texas,regional,2,R+65,2259116,48,,https://txelectionresults.com/counties,County directory row from TXElectionResults; county_type and region_group are project heuristics for runoff analysis.,2026-05-03
San Patricio,border,Border/South Texas,regional,2,R+34,4523262,49,,https://txelectionresults.com/counties,County directory row from TXElectionResults; county_type and region_group are project heuristics for runoff analysis.,2026-05-03
San Saba,rural,Central/North Texas,regional,3,R+79,577998,50,,https://txelectionresults.com/counties,County directory row from TXElectionResults; county_type and region_group are project heuristics for runoff analysis.,2026-05-03
Schleicher,rural,Central/North Texas,regional,3,R+64,252211,50,,https://txelectionresults.com/counties,County directory row from TXElectionResults; county_type and region_group are project heuristics for runoff analysis.,2026-05-03
Scurry,rural,West Texas,regional,2,R+78,1068585,46,,https://txelectionresults.com/counties,County directory row from TXElectionResults; county_type and region_group are project heuristics for runoff analysis.,2026-05-03
Shackelford,rural,Central/North Texas,regional,3,R+87,319321,47,,https://txelectionresults.com/counties,County directory row from TXElectionResults; county_type and region_group are project heuristics for runoff analysis.,2026-05-03
Shelby,rural,East Texas,regional,2,R+65,1905665,46,,https://txelectionresults.com/counties,County directory row from TXElectionResults; county_type and region_group are project heuristics for runoff analysis.,2026-05-03
Sherman,rural,West Texas,regional,2,R+85,219434,47,,https://txelectionresults.com/counties,County directory row from TXElectionResults; county_type and region_group are project heuristics for runoff analysis.,2026-05-03
Smith,rural,East Texas,regional,2,R+46,17709289,47,,https://txelectionresults.com/counties,County directory row from TXElectionResults; county_type and region_group are project heuristics for runoff analysis.,2026-05-03
Somervell,rural,Central/North Texas,regional,3,R+75,917267,48,,https://txelectionresults.com/counties,County directory row from TXElectionResults; county_type and region_group are project heuristics for runoff analysis.,2026-05-03
Starr,border,Border/South Texas,regional,2,D+18,2553081,47,,https://txelectionresults.com/counties,County directory row from TXElectionResults; county_type and region_group are project heuristics for runoff analysis.,2026-05-03
Stephens,rural,Central/North Texas,regional,3,R+83,753690,47,,https://txelectionresults.com/counties,County directory row from TXElectionResults; county_type and region_group are project heuristics for runoff analysis.,2026-05-03
Sterling,rural,Central/North Texas,regional,3,R+86,139580,48,,https://txelectionresults.com/counties,County directory row from TXElectionResults; county_type and region_group are project heuristics for runoff analysis.,2026-05-03
Stonewall,rural,Central/North Texas,regional,3,R+73,136777,48,,https://txelectionresults.com/counties,County directory row from TXElectionResults; county_type and region_group are project heuristics for runoff analysis.,2026-05-03
Sutton,rural,Central/North Texas,regional,3,R+66,349288,48,,https://txelectionresults.com/counties,County directory row from TXElectionResults; county_type and region_group are project heuristics for runoff analysis.,2026-05-03
Swisher,rural,West Texas,regional,2,R+68,442024,47,,https://txelectionresults.com/counties,County directory row from TXElectionResults; county_type and region_group are project heuristics for runoff analysis.,2026-05-03
Tarrant,urban,Major Metro,Dallas-Fort Worth,1,R+8,197982868,55,,https://txelectionresults.com/counties,County directory row from TXElectionResults; county_type and region_group are project heuristics for runoff analysis.,2026-05-03
Taylor,rural,Central/North Texas,regional,3,R+59,10005515,47,,https://txelectionresults.com/counties,County directory row from TXElectionResults; county_type and region_group are project heuristics for runoff analysis.,2026-05-03
Terrell,border,Border/South Texas,regional,2,R+51,115934,50,,https://txelectionresults.com/counties,County directory row from TXElectionResults; county_type and region_group are project heuristics for runoff analysis.,2026-05-03
Terry,rural,West Texas,regional,2,R+70,734247,47,,https://txelectionresults.com/counties,County directory row from TXElectionResults; county_type and region_group are project heuristics for runoff analysis.,2026-05-03
Throckmorton,rural,Central/North Texas,regional,3,R+86,171594,48,,https://txelectionresults.com/counties,County directory row from TXElectionResults; county_type and region_group are project heuristics for runoff analysis.,2026-05-03
Titus,rural,East Texas,regional,2,R+54,1889256,46,,https://txelectionresults.com/counties,County directory row from TXElectionResults; county_type and region_group are project heuristics for runoff analysis.,2026-05-03
Tom Green,rural,Central/North Texas,regional,3,R+50,8812360,48,,https://txelectionresults.com/counties,County directory row from TXElectionResults; county_type and region_group are project heuristics for runoff analysis.,2026-05-03
Travis,urban,Major Metro,Austin,1,D+42,130326457,52,,https://txelectionresults.com/counties,County directory row from TXElectionResults; county_type and region_group are project heuristics for runoff analysis.,2026-05-03
Trinity,rural,East Texas,regional,2,R+67,1392148,47,,https://txelectionresults.com/counties,County directory row from TXElectionResults; county_type and region_group are project heuristics for runoff analysis.,2026-05-03
Tyler,rural,East Texas,regional,2,R+74,1791239,47,,https://txelectionresults.com/counties,County directory row from TXElectionResults; county_type and region_group are project heuristics for runoff analysis.,2026-05-03
Upshur,rural,East Texas,regional,2,R+72,3356432,46,,https://txelectionresults.com/counties,County directory row from TXElectionResults; county_type and region_group are project heuristics for runoff analysis.,2026-05-03
Upton,rural,West Texas,regional,2,R+75,249203,48,,https://txelectionresults.com/counties,County directory row from TXElectionResults; county_type and region_group are project heuristics for runoff analysis.,2026-05-03
Uvalde,border,Border/South Texas,regional,2,R+27,2037047,52,,https://txelectionresults.com/counties,County directory row from TXElectionResults; county_type and region_group are project heuristics for runoff analysis.,2026-05-03
Val Verde,border,Border/South Texas,regional,2,R+18,2762105,50,,https://txelectionresults.com/counties,County directory row from TXElectionResults; county_type and region_group are project heuristics for runoff analysis.,2026-05-03
Van Zandt,rural,Central/North Texas,regional,3,R+75,4477229,50,,https://txelectionresults.com/counties,County directory row from TXElectionResults; county_type and region_group are project heuristics for runoff analysis.,2026-05-03
Victoria,rural,Central/North Texas,regional,3,R+45,6894174,50,,https://txelectionresults.com/counties,County directory row from TXElectionResults; county_type and region_group are project heuristics for runoff analysis.,2026-05-03
Walker,rural,Central/North Texas,regional,3,R+41,4117048,47,,https://txelectionresults.com/counties,County directory row from TXElectionResults; county_type and region_group are project heuristics for runoff analysis.,2026-05-03
Waller,suburban,Suburban,Houston,1,R+31,4772582,48,,https://txelectionresults.com/counties,County directory row from TXElectionResults; county_type and region_group are project heuristics for runoff analysis.,2026-05-03
Ward,rural,West Texas,regional,2,R+63,724132,48,,https://txelectionresults.com/counties,County directory row from TXElectionResults; county_type and region_group are project heuristics for runoff analysis.,2026-05-03
Washington,rural,Central/North Texas,regional,3,R+57,4417423,51,,https://txelectionresults.com/counties,County directory row from TXElectionResults; county_type and region_group are project heuristics for runoff analysis.,2026-05-03
Webb,border,Border/South Texas,regional,2,D+22,13691332,49,,https://txelectionresults.com/counties,County directory row from TXElectionResults; county_type and region_group are project heuristics for runoff analysis.,2026-05-03
Wharton,rural,Central/North Texas,regional,3,R+51,3309795,49,,https://txelectionresults.com/counties,County directory row from TXElectionResults; county_type and region_group are project heuristics for runoff analysis.,2026-05-03
Wheeler,rural,West Texas,regional,2,R+85,491307,49,,https://txelectionresults.com/counties,County directory row from TXElectionResults; county_type and region_group are project heuristics for runoff analysis.,2026-05-03
Wichita,rural,Central/North Texas,regional,3,R+47,8519090,51,,https://txelectionresults.com/counties,County directory row from TXElectionResults; county_type and region_group are project heuristics for runoff analysis.,2026-05-03
Wilbarger,rural,Central/North Texas,regional,3,R+62,829933,49,,https://txelectionresults.com/counties,County directory row from TXElectionResults; county_type and region_group are project heuristics for runoff analysis.,2026-05-03
Willacy,border,Border/South Texas,regional,2,D+12,1087283,48,,https://txelectionresults.com/counties,County directory row from TXElectionResults; county_type and region_group are project heuristics for runoff analysis.,2026-05-03
Williamson,suburban,Suburban,Austin,1,R+3,43903263,51,,https://txelectionresults.com/counties,County directory row from TXElectionResults; county_type and region_group are project heuristics for runoff analysis.,2026-05-03
Wilson,suburban,Suburban,San Antonio,1,R+52,4262649,47,,https://txelectionresults.com/counties,County directory row from TXElectionResults; county_type and region_group are project heuristics for runoff analysis.,2026-05-03
Winkler,rural,West Texas,regional,2,R+69,377909,49,,https://txelectionresults.com/counties,County directory row from TXElectionResults; county_type and region_group are project heuristics for runoff analysis.,2026-05-03
Wise,suburban,Suburban,Dallas-Fort Worth,1,R+72,5513822,50,,https://txelectionresults.com/counties,County directory row from TXElectionResults; county_type and region_group are project heuristics for runoff analysis.,2026-05-03
Wood,rural,East Texas,regional,2,R+72,4316759,47,,https://txelectionresults.com/counties,County directory row from TXElectionResults; county_type and region_group are project heuristics for runoff analysis.,2026-05-03
Yoakum,rural,West Texas,regional,2,R+76,514617,47,,https://txelectionresults.com/counties,County directory row from TXElectionResults; county_type and region_group are project heuristics for runoff analysis.,2026-05-03
Young,rural,Central/North Texas,regional,3,R+80,1678037,53,,https://txelectionresults.com/counties,County directory row from TXElectionResults; county_type and region_group are project heuristics for runoff analysis.,2026-05-03
Zapata,border,Border/South Texas,regional,2,D+10,872041,47,,https://txelectionresults.com/counties,County directory row from TXElectionResults; county_type and region_group are project heuristics for runoff analysis.,2026-05-03
Zavala,border,Border/South Texas,regional,2,D+29,808045,51,,https://txelectionresults.com/counties,County directory row from TXElectionResults; county_type and region_group are project heuristics for runoff analysis.,2026-05-03
